[
  {
    "calories": 129.0,
    "categories": [
      "Cookies",
      "Rum",
      "Cheese",
      "Dairy",
      "Fruit",
      "Dessert",
      "Bake",
      "Banana",
      "Winter",
      "Gourmet",
      "Kidney Friendly",
      "Vegetarian",
      "Pescatarian",
      "Peanut Free",
      "Tree Nut Free",
      "Soy Free",
      "Kosher"
    ],
    "date": 1093006128000,
    "desc": "To bake these puffs all at once, you will need 6 mini-muffin pans, each containing twelve 1 3\/4- by 1-inch cups. However, you could also make them in batches using fewer pans.",
    "directions": [
      "Cut butter into 1\/4-inch slices. In a large bowl with your fingertips or a pastry blender blend together flour, salt, and butter until mixture resembles coarse meal with some pea-size lumps of butter. Stir in sour cream with a fork until incorporated and form dough into a ball.",
      "Divide dough into 6 portions and form each piece into a 5-inch square. Chill dough, wrapped separately in plastic wrap, until firm, at least 2 hours, and up to 3 days, or freeze, wrapped well, up to 1 month.",
      "Mash enough of bananas to measure 1 cup and in a bowl stir together with remaining filling ingredients until smooth.",
      "On a lightly floured surface roll out 1 dough square (keep remaining dough chilled or frozen) into a 15- by 6-inch rectangle (about 1\/8 inch thick). With a sharp knife and a ruler cut rectangle into ten 3-inch squares. Lay squares over ungreased mini-muffin cups (2 cups will remain empty) and drop 1 heaping teaspoon filling onto center of squares. Bring all four corners of squares together and press gently to seal (filling will not be completely enclosed; this process will ease filled pastries into muffin cups). Chill filled pastries 30 minutes. Make more pastries in same manner.",
      "Preheat oven to 375\u00b0F.",
      "Bake pastries in batches in lower third of oven until pale golden, 20 to 25 minutes. Cool pastries in pans on racks 10 minutes and transfer to racks to cool completely. Pastries keep, layered between sheets of wax paper in airtight containers, and frozen, 2 weeks. Before serving, thaw puffs and reheat in one layer on a baking sheet in a 325\u00b0F oven 7 to 10 minutes. Cool puffs on a rack.",
      "Dust puffs with confectioners' sugar before serving."
    ],
    "fat": 9.0,
    "ingredients": {
      "unsalted butter" : "4",
      "flour" : "4",
      "salt" : "0,25",
      "sour cream" : "1",
      "bananas" : "2",
      "cream cheese" : "12",
      "granulated sugar" : "0,5",
      "egg yolks" : "2",
      "rum" : "2",
      "fresh lemon juice" : "2",
      "sugar" : "0,5"
  },
    "protein": 1.0,
    "rating": 4.375,
    "sodium": 34.0,
    "title": "Banana Rum Puffs "
  },
  {
    "calories": 105.0,
    "categories": [
      "Cookies",
      "Food Processor",
      "Fruit",
      "Dessert",
      "Bake",
      "Vegetarian",
      "Cream Cheese",
      "Apricot",
      "Cherry",
      "Coconut",
      "Bon App\u00e9tit",
      "Florida",
      "Kidney Friendly",
      "Pescatarian",
      "Peanut Free",
      "Tree Nut Free",
      "Soy Free",
      "Kosher"
    ],
    "date": 1092974400000,
    "desc": "These cookies are perfect with a cup of tea.",
    "directions": [
      "Combine first 3 ingredients in processor; blend until clumps form. Gather dough into ball; flatten into square. Wrap in plastic; freeze until cold enough to roll, about 15 minutes, or refrigerate up to 1 day.",
      "Preheat oven to 375\u00b0F. Butter baking sheet. Cut dough crosswise in half. Roll out each piece on floured surface to 12x8-inch rectangle. Spread each with 1\/4 cup jam. Top each with 1\/2 cup coconut and 1\/2 cup cherries. Starting at 1 long side, roll dough up jelly-roll style; seal long seam. Cut each roll crosswise into 12 pieces. Arrange pieces, cut side up, on prepared sheet. Flatten each to 1\/2-inch thickness.",
      "Bake cookies until golden brown, about 25 minutes. Cool on rack."
    ],
    "fat": 7.0,
    "ingredients": {
      "flour" : "1",
      "cream cheese" : "4",
      "unsalted butter" : "0,5",
      "apricot jam" : "0,5",
      "sweetened flaked coconut" : "1",
      "dried tart" : "1"
    },
    "protein": 1.0,
    "rating": 3.125,
    "sodium": 31.0,
    "title": "Cream Cheese Strudel Cookies "
  },
  {
    "calories": 87.0,
    "categories": [
      "Cookies",
      "Dessert",
      "Bake",
      "Christmas",
      "Kid-Friendly",
      "Vanilla",
      "Birthday",
      "Family Reunion",
      "Christmas Eve",
      "Party",
      "Potluck",
      "Butter",
      "Gourmet",
      "Kidney Friendly",
      "Vegetarian",
      "Pescatarian",
      "Peanut Free",
      "Tree Nut Free",
      "Soy Free",
      "Kosher"
    ],
    "date": 1324526400000,
    "desc": "When it comes right down to it, the simplest holiday cookie is, hands down, this sugar cookie. No rolling pin or sheets of wax paper are required. Just roll the dough into balls between your palms, then coat them with decorative coarse sugars. This is the perfect cookie for children starting out in the kitchen, by the way. They'll have loads of fun mixing up different colors of the sanding sugar, and messy kitchen aside, everyone will be happy when they sink their teeth into the first ones warm from the oven.",
    "directions": [
      "Beat together butter, sugar, and salt in a large bowl with an electric mixer at medium-high speed until pale and fluffy, about 3 minutes in a stand mixer (preferably fitted with paddle attachment) or 6 with a handheld. Beat in egg and vanilla. Reduce speed to low, then mix in flour.",
      "Halve dough and form each half into a disk, then wrap in wax paper. Put each disk in a resealable plastic bag and chill until firm enough to roll into balls, about 1 hour.",
      "Heat oven to 350\u00b0F with rack in middle. Line baking sheets with parchment paper.",
      "While oven heats, work with 1 piece of dough (keep remaining dough chilled). Roll 1 level tablespoon of dough into a ball, then roll in coarse sugar in a shallow bowl to coat completely. (If dough becomes too soft to roll easily into balls, quick-chill in the freezer or chill in the refrigerator.)",
      "Place balls 2 inches apart on a lined baking sheet. With the flat bottom of a glass, flatten balls into 2-inch rounds.",
      "Bake cookies, one sheet at time, until bottoms are golden, 12 to 15 minutes total. Cool on sheets 2 minutes, then transfer with a metal spatula to racks to cool completely. Make more cookies with remaining dough on cooled baking sheets."
    ],
    "fat": 4.0,
    "ingredients": {
      "unsalted butter" : "2",
      "sugar" : "1",
      "salt" : "0,5",
      "egg" : "1",
      "vanilla extract": "1",
      "flour" : "2",
      "coarse sugar" : "1",
      "Wax paper":"1"
    },
    "protein": 1.0,
    "rating": 3.75,
    "sodium": 26.0,
    "title": "Buttery Sugar Cookies "
  },
  {
    "calories": 92.0,
    "categories": [
      "Cookies",
      "Nut",
      "Dessert",
      "Bake",
      "Christmas",
      "Kid-Friendly",
      "Tree Nut",
      "Almond",
      "Edible Gift",
      "Christmas Eve",
      "Bon App\u00e9tit",
      "Kidney Friendly",
      "Vegetarian",
      "Pescatarian",
      "Peanut Free",
      "Soy Free",
      "Kosher"
    ],
    "date": 1383710400000,
    "desc": "Hand off this dough to the kids\u2014or anyone with questionable baking skills\u2014and let them go to town. Thumbprints can be any shape or size, and the fillings are customizable.",
    "directions": [
      "Place racks in lower and upper thirds of oven; preheat to 375\u00b0F. Pulse flour and almonds in a food processor until almonds are very finely ground. Add baking powder and salt and pulse to blend. Using an electric mixer on high speed, beat butter and sugar until light and fluffy, about 4 minutes. Add egg and vanilla and beat until pale and fluffy, about 4 minutes. Reduce speed to low and gradually add dry ingredients; mix just to combine.",
      "Place sanding sugar in a shallow bowl. Scoop out dough by the tablespoonful and roll into balls (if dough is sticky, chill 20 minutes). Roll in sugar and place on 2 parchment-lined baking sheets, spacing 2\" apart. Using your thumb, make a deep indent in each ball. (For more exaggerated cracks, bake dough 5 minutes before indenting.)",
      "Bake cookies, rotating baking sheets halfway through, until golden, 12\u201314 minutes. Transfer to wire racks and let cool. Fill with jam or curd (use a small spoon).",
      "MAKE AHEAD: Cookies can be baked (but not filled) 2 weeks ahead; wrap tightly and freeze. Thaw before filling. Cookies can be filled 1 day ahead; store airtight at room temperature."
    ],
    "fat": 6.0,
    "ingredients": {
      "flour" : "0,5",
      "unsalted roasted almonds" : "0,5",
      "baking powder" : "1",
      "kosher salt" : "0,5",
      "unsalted butter" : "1",
      "granulated sugar" : "0,5",
      "large egg" : "1",
      "vanilla extract" : "1",
      "raw sugar" : "0,5",
      "Jams lemon curd":"1"
    },
    "protein": 1.0,
    "rating": 4.375,
    "sodium": 51.0,
    "title": "Roasted-Almond Thumbprints "
  },
  {
    "calories": 76.0,
    "categories": [
      "Bon App\u00e9tit",
      "Bake",
      "Cookies",
      "Almond",
      "Lemon",
      "Dessert",
      "Wheat\/Gluten-Free",
      "Kidney Friendly",
      "Vegetarian",
      "Pescatarian",
      "Dairy Free",
      "Peanut Free",
      "Soy Free",
      "Kosher"
    ],
    "date": 1467398100000,
    "desc": "These traditional almond cookies hail from Tuscany; their texture is chewy, similar to macaroons.",
    "directions": [
      "Preheat oven to 350\u00b0F. Toast almonds on a rimmed baking sheet, tossing once, until golden, 5\u20138 minutes; let cool.",
      "Pulse almonds, lemon zest, and 1\/4 cup powdered sugar in a food processor until finely ground. Whisk egg white and salt in a large bowl to medium peaks. Whisking constantly, gradually add 1\/4 cup powdered sugar; whisk until egg white is very stiff but not dry. Fold in almond mixture and vanilla. Drop heaping tablespoonfuls of batter onto a parchment-lined baking sheet; using wet hands, flatten tops and press sides to make rounded diamond shapes. Chill 30 minutes.",
      "Bake ricciarelli until edges are lightly golden and firm and centers are still a little soft, 10\u201312 minutes; let cool on baking sheet. Dust with powdered sugar."
    ],
    "fat": 5.0,
    "ingredients": {
      "slivered almonds" : "0,25",
      "lemon zest" : "1",
      "powdered sugar" : "0,5",
      "egg white" : "1",
      "kosher salt":"0",
      "vanilla extract": "0,25"
    },
    "protein": 2.0,
    "rating": 0.0,
    "sodium": 15.0,
    "title": "Tuscan Almond Cookies (Ricciarelli) "
  }
]